{
  "enabled": true,
  "group": {
    "break": {
      "sound_id": "sounds:block.birch_planks.break"
    },
    "fall": {
      "sound_id": "sounds:block.birch_planks.fall"
    },
    "hit": {
      "sound_id": "sounds:block.birch_planks.hit"
    },
    "pitch": 1.0,
    "place": {
      "sound_id": "sounds:block.birch_planks.place"
    },
    "step": {
      "sound_id": "sounds:block.birch_planks.step"
    },
    "volume": 1.0
  },
  "keys": [
    "minecraft:birch_planks",
    "minecraft:birch_stairs",
    "minecraft:stripped_birch_log",
    "minecraft:stripped_birch_wood"
  ]
}