{
  "enabled": true,
  "group": {
    "break": {
      "sound_id": "sounds:block.deepslate_gold_ore.break"
    },
    "fall": {
      "sound_id": "sounds:block.deepslate_gold_ore.fall"
    },
    "hit": {
      "sound_id": "sounds:block.deepslate_gold_ore.hit"
    },
    "pitch": 1.0,
    "place": {
      "sound_id": "sounds:block.deepslate_gold_ore.place"
    },
    "step": {
      "sound_id": "sounds:block.deepslate_gold_ore.step"
    },
    "volume": 1.0
  },
  "keys": [
    "minecraft:deepslate_gold_ore"
  ]
}