{
  "enabled": true,
  "group": {
    "break": {
      "sound_id": "sounds:block.mangrove_log.break"
    },
    "fall": {
      "sound_id": "sounds:block.mangrove_log.fall"
    },
    "hit": {
      "sound_id": "sounds:block.mangrove_log.hit"
    },
    "pitch": 1.0,
    "place": {
      "sound_id": "sounds:block.mangrove_log.place"
    },
    "step": {
      "sound_id": "sounds:block.mangrove_log.step"
    },
    "volume": 1.0
  },
  "keys": [
    "minecraft:mangrove_log",
    "minecraft:mangrove_wood"
  ]
}