{
  "veilkeeper_laugh": {
    "sounds": [
      "darkages:veilkeeper_laugh"
    ]
  },
  "sword_unsheath": {
    "sounds": [
      {
        "name": "darkages:sword_unsheath",
        "pitch": 0.88,
        "volume": 0.2
      }
    ]
  },
  "levelup": {
    "sounds": [
      "darkages:levelup"
    ]
  },
  "coin": {
    "sounds": [
      "darkages:coin"
    ]
  },
  "daddy_chill": {
    "sounds": [
      "darkages:daddy_chill"
    ]
  },
  "quest_complete": {
    "sounds": [
      "darkages:quest_complete"
    ]
  },
  "orc_hurt": {
    "subtitle": "subtitles.orc_hurt",
    "replace": true,
    "sounds": [
      {
        "name": "darkages:orc_hurt_1",
        "pitch": 0.4,
        "stream": false,
        "attenuation_distance": 10
      },
      {
        "name": "darkages:orc_hurt2",
        "pitch": 0.4,
        "stream": false,
        "attenuation_distance": 10
      },
      {
        "name": "darkages:orc_hurt2",
        "pitch": 0.4,
        "volume": 0.1,
        "stream": false,
        "attenuation_distance": 10
      }
    ]
  },
  "orc_death": {
    "subtitle": "subtitles.orc_death",
    "replace": true,
    "sounds": [
      {
        "name": "darkages:orc_death",
        "pitch": 0.5,
        "stream": false,
        "attenuation_distance": 10
      }
    ]
  },
  "music": {
    "sounds": [
      {
        "name": "minecraft:records/11"
      },
      {
        "name": "minecraft:records/13"
      },
      {
        "name": "minecraft:records/blocks"
      },
      {
        "name": "minecraft:records/cat"
      },
      {
        "name": "minecraft:records/chirp"
      },
      {
        "name": "minecraft:records/far"
      },
      {
        "name": "minecraft:records/mall"
      },
      {
        "name": "minecraft:records/mellohi"
      },
      {
        "name": "minecraft:records/stal"
      },
      {
        "name": "minecraft:records/strad"
      },
      {
        "name": "minecraft:records/wait"
      },
      {
        "name": "minecraft:records/ward"
      }
    ]
  }
}