[
  {
    "element_identifier": "7c03acac-4774-4b29-8319-833c8e66093c-1763936217502",
    "volume": 1.0
  },
  {
    "element_identifier": "3fdbaafe-d58d-4c41-898a-cec44213f659-1763239529441",
    "volume": 1.0
  },
  {
    "element_identifier": "e33cac21-8e63-464e-af0e-cb2f5133900b-1762411794144",
    "volume": 1.0
  },
  {
    "element_identifier": "28aa249e-adb4-42a9-83d1-e58a8832df48-1762823972659",
    "volume": 1.0
  },
  {
    "element_identifier": "15e544f3-ad2e-450a-9c4a-0b24f67c7b0e-1763935794946",
    "volume": 1.0
  },
  {
    "element_identifier": "7fe680a3-d7de-409c-9aa9-a5c010f5382f-1763935914942",
    "volume": 1.0
  },
  {
    "element_identifier": "ff2c1218-fd64-427b-94df-8f85f1122ce2-1762405774159",
    "volume": 1.0
  },
  {
    "element_identifier": "4819b1bb-1ce6-492b-a1d9-8f4028847edf-1762410786187",
    "volume": 1.0
  }
]