{
  "veilkeeper_laugh": {
    "sounds": [
      "darkages:veilkeeper_laugh"
    ]
  },
  "draw_greataxe": {
    "sounds": [
      "darkages:draw/greataxe"
    ]
  },
  "draw_greatsword": {
    "sounds": [
      "darkages:draw/greatsword1",
      "darkages:draw/greatsword2"
    ]
  },
  "levelup": {
    "sounds": [
      "darkages:levelup"
    ]
  },
  "coin": {
    "sounds": [
      "darkages:coin"
    ]
  },
  "daddy_chill": {
    "sounds": [
      "darkages:daddy_chill"
    ]
  },
  "quest_complete": {
    "sounds": [
      "darkages:quest_complete"
    ]
  },
  "orc_hurt": {
    "subtitle": "subtitles.orc_hurt",
    "replace": true,
    "sounds": [
      {
        "name": "darkages:orc_hurt_1",
        "pitch": 0.4,
        "stream": false,
        "attenuation_distance": 10
      },
      {
        "name": "darkages:orc_hurt2",
        "pitch": 0.4,
        "stream": false,
        "attenuation_distance": 10
      },
      {
        "name": "darkages:orc_hurt2",
        "pitch": 0.4,
        "volume": 0.1,
        "stream": false,
        "attenuation_distance": 10
      }
    ]
  },
  "orc_death": {
    "subtitle": "subtitles.orc_death",
    "replace": true,
    "sounds": [
      {
        "name": "darkages:orc_death",
        "pitch": 0.5,
        "stream": false,
        "attenuation_distance": 10
      }
    ]
  }
}