{
  "credit": "Made with Blockbench",
  "parent": "minecraft:item/generated",
  "display": {
    "thirdperson_righthand": {
      "rotation": [
        0,
        -90,
        55
      ],
      "translation": [
        0,
        10,
        -0.5
      ],
      "scale": [
        1.7,
        1.7,
        0.85
      ]
    },
    "thirdperson_lefthand": {
      "rotation": [
        0,
        90,
        -55
      ],
      "translation": [
        0,
        10,
        -0.5
      ],
      "scale": [
        1.7,
        1.7,
        0.85
      ]
    },
    "firstperson_lefthand": {
      "rotation": [
        0,
        90,
        -25
      ],
      "translation": [
        1.13,
        3.2,
        1.13
      ],
      "scale": [
        1.36,
        1.36,
        0.68
      ]
    },
    "firstperson_righthand": {
      "rotation": [
        0,
        -90,
        25
      ],
      "translation": [
        1,
        8,
        1
      ],
      "scale": [
        1.36,
        1.36,
        0.68
      ]
    },
    "ground": {
      "translation": [
        0,
        4,
        0
      ],
      "scale": [
        1,
        1,
        0.5
      ]
    },
    "fixed": {
      "translation": [
        0,
        0,
        -0.5
      ],
      "scale": [
        2,
        2,
        1
      ],
      "rotation": [
        0,
        180,
        0
      ]
    },
    "head": {
      "rotation": [
        0,
        0,
        0
      ],
      "translation": [
        0,
        6,
        0
      ],
      "scale": [
        1.5,
        1.5,
        1.5
      ]
    }
  }
}