{
	"ignoreSilencedStatusEffects": true,
	"positiveStatusEffectGainSoundEffect": {
		"shouldPlay": true,
		"pitch": 2.0,
		"volume": 0.2,
		"id": "positiveStatusEffectGain",
		"soundEvent": "minecraft:item.trident.thunder"
	},
	"negativeStatusEffectGainSoundEffect": {
		"shouldPlay": true,
		"pitch": 0.3,
		"volume": 0.2,
		"id": "negativeStatusEffectGain",
		"soundEvent": "minecraft:entity.illusioner.mirror_move"
	},
	"positiveStatusEffectLoseSoundEffect": {
		"shouldPlay": true,
		"pitch": 0.5,
		"volume": 0.2,
		"id": "positiveStatusEffectLose",
		"soundEvent": "minecraft:item.trident.riptide_1"
	},
	"negativeStatusEffectLoseSoundEffect": {
		"shouldPlay": true,
		"pitch": 0.5,
		"volume": 0.2,
		"id": "negativeStatusEffectLose",
		"soundEvent": "minecraft:item.trident.riptide_1"
	}
}