{
	"parent": "item/generated",
	"display": {
		"thirdperson_righthand": {
			"rotation": [0, -90, 40],
			"translation": [0, 11, 2],
			"scale": [1.7, 1.7, 0.85]
		},
		"thirdperson_lefthand": {
			"rotation": [0, 90, -40],
			"translation": [0, 10.0, 2.0],
			"scale": [1.7, 1.7, 0.85]
		},
		"firstperson_righthand": {
			"rotation": [0, -90, 25],
			"translation": [1.13, 3.2, 1.13],
			"scale": [1.7, 1.7, 0.85]
		},
		"firstperson_lefthand": {
			"rotation": [0, 90, -25],
			"translation": [1.13, 3.2, 1.13],
			"scale": [1.7, 1.7, 0.85]
		},
		"ground": {
			"translation": [0, 5, 0],
			"scale": [1.2, 1.2, 1]
		},
		"gui": {
			"translation": [1.85, 1.85, 0]
		},
		"head": {
			"rotation": [-5, 180,  0],
			"translation": [0, 13, 7],
			"scale": [1.4, 1.4, 0.85]
		},
		"fixed": {
			"translation": [2, 2.25, 0],
			"scale": [1.51, 1.51, 0.87]
		}
	}
}