{
  "credit": "Made with Blockbench",
  "texture_size": [
    64,
    64
  ],
  "elements": [
    {
      "from": [
        3.25,
        -15,
        8
      ],
      "to": [
        12.75,
        8,
        8
      ],
      "rotation": {
        "angle": 0,
        "axis": "y",
        "origin": [
          3.3,
          1,
          8
        ]
      },
      "faces": {
        "north": {
          "uv": [
            0,
            0.0625,
            2.34375,
            5.6875
          ],
          "texture": "#1"
        },
        "east": {
          "uv": [
            0,
            0.0625,
            2.34375,
            5.6875
          ],
          "texture": "#1"
        },
        "south": {
          "uv": [
            0,
            0.0625,
            2.34375,
            5.6875
          ],
          "texture": "#1"
        },
        "west": {
          "uv": [
            0,
            0.0625,
            2.34375,
            5.6875
          ],
          "texture": "#1"
        },
        "up": {
          "uv": [
            0,
            0.0625,
            2.34375,
            5.6875
          ],
          "texture": "#1"
        },
        "down": {
          "uv": [
            0,
            0.0625,
            2.34375,
            5.6875
          ],
          "texture": "#1"
        }
      }
    },
    {
      "from": [
        2,
        8,
        7.5
      ],
      "to": [
        14,
        9,
        8.5
      ],
      "rotation": {
        "angle": 0,
        "axis": "y",
        "origin": [
          3,
          8,
          6.5
        ]
      },
      "faces": {
        "north": {
          "uv": [
            5,
            0,
            7.75,
            0.25
          ],
          "texture": "#1"
        },
        "east": {
          "uv": [
            5,
            0,
            5.25,
            0.25
          ],
          "texture": "#1"
        },
        "south": {
          "uv": [
            5,
            0,
            7.75,
            0.25
          ],
          "texture": "#1"
        },
        "west": {
          "uv": [
            5,
            0,
            5.25,
            0.25
          ],
          "texture": "#1"
        },
        "up": {
          "uv": [
            5,
            0,
            7.75,
            0.25
          ],
          "texture": "#1"
        },
        "down": {
          "uv": [
            5,
            0,
            7.75,
            0.25
          ],
          "texture": "#1"
        }
      }
    },
    {
      "from": [
        6.5,
        6.4,
        7
      ],
      "to": [
        9.5,
        10.6,
        9
      ],
      "rotation": {
        "angle": 0,
        "axis": "y",
        "origin": [
          7,
          7.1,
          7
        ]
      },
      "faces": {
        "north": {
          "uv": [
            6.125,
            1.5,
            6.75,
            2.425
          ],
          "texture": "#1"
        },
        "east": {
          "uv": [
            5.75,
            1.5,
            6.125,
            2.425
          ],
          "texture": "#1"
        },
        "south": {
          "uv": [
            6.125,
            1.5,
            6.75,
            2.425
          ],
          "texture": "#1"
        },
        "west": {
          "uv": [
            5.75,
            1.5,
            6.125,
            2.425
          ],
          "texture": "#1"
        },
        "up": {
          "uv": [
            5.125,
            1.125,
            5.75,
            1.5
          ],
          "texture": "#1"
        },
        "down": {
          "uv": [
            5.125,
            1.125,
            5.75,
            1.5
          ],
          "texture": "#1"
        }
      }
    }
  ],
  "display": {
    "thirdperson_righthand": {
      "rotation": [
        75,
        45,
        0
      ],
      "translation": [
        0,
        2.5,
        0
      ],
      "scale": [
        0.375,
        0.375,
        0.375
      ]
    },
    "thirdperson_lefthand": {
      "rotation": [
        75,
        45,
        0
      ],
      "translation": [
        0,
        2.5,
        0
      ],
      "scale": [
        0.375,
        0.375,
        0.375
      ]
    },
    "firstperson_righthand": {
      "rotation": [
        0,
        -5,
        0
      ],
      "translation": [
        1.25,
        6.5,
        0
      ],
      "scale": [
        0.4,
        0.4,
        0.4
      ]
    },
    "firstperson_lefthand": {
      "rotation": [
        0,
        -5,
        0
      ],
      "translation": [
        1.25,
        6.5,
        0
      ],
      "scale": [
        0.4,
        0.4,
        0.4
      ]
    },
    "ground": {
      "translation": [
        0,
        3,
        0
      ],
      "scale": [
        0.25,
        0.25,
        0.25
      ]
    },
    "gui": {
      "rotation": [
        30,
        225,
        0
      ],
      "translation": [
        0,
        5,
        0
      ],
      "scale": [
        0.625,
        0.625,
        0.625
      ]
    },
    "fixed": {
      "translation": [
        0,
        4.75,
        0
      ],
      "scale": [
        0.5,
        0.5,
        0.5
      ]
    }
  }
}