{
  "credit": "Made with Blockbench",
  "texture_size": [
    256,
    256
  ],
  "elements": [
    {
      "from": [
        -14,
        7,
        5
      ],
      "to": [
        30,
        12,
        9
      ],
      "rotation": {
        "angle": 0,
        "axis": "y",
        "origin": [
          2,
          -84,
          8
        ]
      },
      "faces": {
        "north": {
          "uv": [
            5,
            0.25,
            7.75,
            0.5625
          ],
          "texture": "#1"
        },
        "east": {
          "uv": [
            4.75,
            0.25,
            5,
            0.5625
          ],
          "texture": "#1"
        },
        "south": {
          "uv": [
            8,
            0.25,
            10.75,
            0.5625
          ],
          "texture": "#1"
        },
        "west": {
          "uv": [
            7.75,
            0.25,
            8,
            0.5625
          ],
          "texture": "#1"
        },
        "up": {
          "uv": [
            7.75,
            0.25,
            5,
            0
          ],
          "texture": "#1"
        },
        "down": {
          "uv": [
            10.5,
            0,
            7.75,
            0.25
          ],
          "texture": "#1"
        }
      }
    },
    {
      "from": [
        -12.5,
        6.5,
        4.5
      ],
      "to": [
        28.5,
        12.5,
        9.5
      ],
      "rotation": {
        "angle": 0,
        "axis": "y",
        "origin": [
          3.5,
          -84,
          8
        ]
      },
      "faces": {
        "north": {
          "uv": [
            5,
            0.8125,
            7.5,
            1.125
          ],
          "texture": "#1"
        },
        "east": {
          "uv": [
            4.75,
            0.8125,
            5,
            1.125
          ],
          "texture": "#1"
        },
        "south": {
          "uv": [
            7.75,
            0.8125,
            10.25,
            1.125
          ],
          "texture": "#1"
        },
        "west": {
          "uv": [
            7.5,
            0.8125,
            7.75,
            1.125
          ],
          "texture": "#1"
        },
        "up": {
          "uv": [
            7.5,
            0.8125,
            5,
            0.5625
          ],
          "texture": "#1"
        },
        "down": {
          "uv": [
            10,
            0.5625,
            7.5,
            0.8125
          ],
          "texture": "#1"
        }
      }
    },
    {
      "from": [
        3,
        0,
        4
      ],
      "to": [
        13,
        15,
        10
      ],
      "rotation": {
        "angle": 0,
        "axis": "y",
        "origin": [
          10,
          -84,
          8
        ]
      },
      "faces": {
        "north": {
          "uv": [
            5.125,
            1.5,
            5.75,
            2.4375
          ],
          "texture": "#1"
        },
        "east": {
          "uv": [
            4.75,
            1.5,
            5.125,
            2.4375
          ],
          "texture": "#1"
        },
        "south": {
          "uv": [
            6.125,
            1.5,
            6.75,
            2.4375
          ],
          "texture": "#1"
        },
        "west": {
          "uv": [
            5.75,
            1.5,
            6.125,
            2.4375
          ],
          "texture": "#1"
        },
        "up": {
          "uv": [
            5.75,
            1.5,
            5.125,
            1.125
          ],
          "texture": "#1"
        },
        "down": {
          "uv": [
            6.375,
            1.125,
            5.75,
            1.5
          ],
          "texture": "#1"
        }
      }
    }
  ],
  "groups": [
    {
      "name": "main",
      "origin": [
        2,
        -80,
        1
      ],
      "color": 0,
      "children": [
        0,
        1,
        2
      ]
    },
    {
      "name": "main2",
      "origin": [
        2,
        -80,
        7
      ],
      "color": 0,
      "children": []
    }
  ]
}