{
  "format_version": "1.21.6",
  "credit": "Made with Blockbench",
  "texture_size": [
    256,
    256
  ],
  "elements": [
    {
      "from": [
        3.25,
        -15,
        7.9
      ],
      "to": [
        12.75,
        8,
        7.9
      ],
      "rotation": {
        "angle": 0,
        "axis": "y",
        "origin": [
          3.3,
          1,
          7.9
        ]
      },
      "faces": {
        "north": {
          "uv": [
            0,
            0.0625,
            2.34375,
            5.6875
          ],
          "texture": "#1"
        },
        "east": {
          "uv": [
            0,
            0.0625,
            2.34375,
            5.6875
          ],
          "texture": "#1"
        },
        "south": {
          "uv": [
            0,
            0.0625,
            2.34375,
            5.6875
          ],
          "texture": "#1"
        },
        "west": {
          "uv": [
            0,
            0.0625,
            2.34375,
            5.6875
          ],
          "texture": "#1"
        },
        "up": {
          "uv": [
            0,
            0.0625,
            2.34375,
            5.6875
          ],
          "texture": "#1"
        },
        "down": {
          "uv": [
            0,
            0.0625,
            2.34375,
            5.6875
          ],
          "texture": "#1"
        }
      }
    }
  ],
  "display": {
    "thirdperson_righthand": {
      "rotation": [
        75,
        45,
        0
      ],
      "translation": [
        0,
        2.5,
        0
      ],
      "scale": [
        0.375,
        0.375,
        0.375
      ]
    },
    "thirdperson_lefthand": {
      "rotation": [
        75,
        45,
        0
      ],
      "translation": [
        0,
        2.5,
        0
      ],
      "scale": [
        0.375,
        0.375,
        0.375
      ]
    },
    "firstperson_righthand": {
      "rotation": [
        0,
        45,
        0
      ],
      "scale": [
        0.4,
        0.4,
        0.4
      ]
    },
    "firstperson_lefthand": {
      "rotation": [
        0,
        -135,
        0
      ],
      "scale": [
        0.4,
        0.4,
        0.4
      ]
    },
    "ground": {
      "translation": [
        0,
        3,
        0
      ],
      "scale": [
        0.25,
        0.25,
        0.25
      ]
    },
    "gui": {
      "rotation": [
        33,
        149,
        -26
      ],
      "translation": [
        -1.5,
        6.75,
        1
      ],
      "scale": [
        0.7,
        0.7,
        0.7
      ]
    },
    "fixed": {
      "scale": [
        0.5,
        0.5,
        0.5
      ]
    }
  }
}