{
	"parent": "item/generated",
	"display": {
		"thirdperson_righthand": {
			"rotation": [20, -90, 65],
			"translation": [0, 15, 0],
			"scale": [2.1, 2.1, 0.8]
		},
		"thirdperson_lefthand": {
			"rotation": [0, 90, -55],
			"translation": [0, 13.25, -1.75],
			"scale": [1.7, 1.7, 0.85]
		},
		"firstperson_righthand": {
			"rotation": [0, -90, 25],
			"translation": [1.13, 9.2, 1.13],
			"scale": [1.7, 1.7, 0.85]
		},
		"firstperson_lefthand": {
			"rotation": [0, 90, -25],
			"translation": [1.13, 9.2, 1.13],
			"scale": [1.7, 1.7, 0.85]
		},
		"ground": {
			"translation": [0, 5, 0],
			"scale": [1.2, 1.2, 1]
		},
		"gui": {
			"translation": [0.5, 1.5, 0]
		},
		"head": {
			"rotation": [180, 0, 100],
			"translation": [0, 13, 7],
			"scale": [1.8, 1.3, 0.85]
		},
		"fixed": {
			"translation": [2, 2.25, 0],
			"scale": [1.51, 1.51, 0.87]
		}
	}
}