{
  "rendering": {
    "oldRotation": false,
    "vanillaRendering": false,
    "rotateSpeed": 0.990991,
    "showPickupTooltip": true,
    "showPickupTooltipOnlyOnGround": true,
    "showPickupTooltipExtended": false,
    "showPickupTooltipKeybind": false,
    "disableThrowHUD": true,
    "vanillaRendered": {
      "entries": [],
      "isWhitelist": true
    },
    "tooltipOffsetX": 0,
    "tooltipOffsetY": 0,
    "blockRequireOffset": {
      "blocks": [
        "minecraft:snow",
        "minecraft:soul_sand",
        "minecraft:mud"
      ],
      "tags": []
    },
    "blockBelowRequireOffset": {
      "blocks": [],
      "tags": []
    }
  }
}