[
  {
    "user": {
      "type": "player",
      "name": "Takas",
      "uniqueId": "03884f32-c346-4f86-a079-842799ebca17"
    },
    "time": 1756141495069,
    "type": "Profiler",
    "data": {
      "type": "url",
      "value": "https://spark.lucko.me/HU570eMGsA"
    }
  },
  {
    "user": {
      "type": "player",
      "name": "Takas",
      "uniqueId": "03884f32-c346-4f86-a079-842799ebca17"
    },
    "time": 1756135331927,
    "type": "Profiler",
    "data": {
      "type": "url",
      "value": "https://spark.lucko.me/LSKOPADHLg"
    }
  }
]