[
  {
    "mob": ["minecraft:creeper", "dragnpets:o_cat", "minecraft:enderman", "mca:female_zombie_villager", "mca:male_zombie_villager"],
    "when": "onjoin",
    "result": "deny"
  },
  {
    "dimension": "minecraft:overworld",
    "spawntype": "command",
    "when": "onjoin",
    "result": "allow"
  },
  {
    "dimension": "minecraft:overworld",
    "mod": "dragnlivestock",
    "baby": true,
    "when": "onjoin",
    "result": "allow"
  },
  {
    "hostile": true,
    "structure": ["darkages:overworld/dysteria"],
    "when": "onjoin",
    "result": "deny"
  },
  {
    "mob": ["iceandfire:ghost", "irons_spellbooks:citadel_keeper"],
    "dimension": "minecraft:the_nether",
    "mincount": {
      "amount": 15,
      "perplayer": true
    },
    "when" :"onjoin",
    "result": "deny"
  },
  {
    "spawner": false,
    "mincount": {
      "amount": 50,
      "hostile": true,
      "perplayer": true
    },
    "result": "deny"
  },
  {
    "hostile": true,
    "seesky": true,
    "phase": "monster",
    "result": "allow"
  },
  {
    "hostile": true,
    "seesky": true,
    "weather": "rain",
    "result": "allow"
  },
  {
    "hostile": true,
    "seesky": true,
    "weather": "thunder",
    "result": "allow"
  },
  {
    "hostile": true,
    "seesky": true,
    "result": "deny"
  },
  {
    "mob": "darkages:bandit",
    "phase": "plague",
    "when": "finalize",
    "armorhelmet": "irons_spellbooks:plagued_helmet",
    "armorchest": "irons_spellbooks:plagued_chestplate",
    "armorlegs": "irons_spellbooks:plagued_leggings",
    "armorboots": "irons_spellbooks:plagued_boots"
  },
  {
    "mod": "dragnlivestock",
    "structure": ["darkages:overworld/dysteria", "minecraft:village_plains"],
    "when": "onjoin",
    "result": true
  },
  {
    "mod": "dragnlivestock",
    "spawntype": ["command", "structure"],
    "when": "onjoin",
    "result": "allow"
  },
  {
    "mod": "dragnlivestock",
    "winter": true,
    "when": "onjoin",
    "result": "deny"
  },
  {
    "dimension": "minecraft:overworld",
    "mod": "dragnlivestock",
    "random": 0.9,
    "when": "onjoin",
    "result": "deny"
  },
  {
    "dimension": "minecraft:overworld",
    "mod": "dragnlivestock",
    "spawntype": "natural",
    "mincount": 20,
    "random": 0.5,
    "when": "onjoin",
    "result": "deny"
  },
  {
    "mob": "iceandfire:troll",
    "biome": "minecraft:dark_forest",
    "seesky": false,
    "when": "onjoin",
    "result": "allow"
  },
  {
    "mob": "iceandfire:troll",
    "dimension": "minecraft:overworld",
    "incontrol": true,
    "when": "onjoin",
    "result": "deny"
  },
  {
    "hostile": true, 
    "biome": "minecraft:dark_forest",
    "when": "onjoin",
    "result": "deny"
  }
]