{
  "schema": 2,
  "author": "AndyDandy",
  "name": "WarCraft",
  "directory": "warcraft",
  "container": {
    "toolbar": {
      "horizontal": {
        "useThemeImages": true,
        "prefix": "h",
        "margin": 10,
        "padding": 2,
        "begin": {
          "width": 8,
          "height": 64,
          "alpha": 1
        },
        "inner": {
          "width": 56,
          "height": 64,
          "alpha": 1
        },
        "end": {
          "width": 8,
          "height": 64,
          "alpha": 1.0
        }
      },
      "vertical": {
        "useThemeImages": true,
        "prefix": "v",
        "margin": 4,
        "padding": 2,
        "begin": {
          "width": 64,
          "height": 8,
          "alpha": 1
        },
        "inner": {
          "width": 64,
          "height": 56,
          "alpha": 1
        },
        "end": {
          "width": 64,
          "height": 8,
          "alpha": 1
        }
      }
    }
  },
  "control": {
    "button": {
      "useThemeImages": true,
      "width": 24,
      "height": 24,
      "prefix": "",
      "tooltipOnStyle": "§f",
      "tooltipOffStyle": "§f",
      "tooltipDisabledStyle": "§8§o",
      "iconOn": {
        "color": "#404040",
        "alpha": 1.0
      },
      "iconOff": {
        "color": "#847d66",
        "alpha": 1.0
      },
      "iconHoverOn": {
        "color": "#ffffff",
        "alpha": 1.0
      },
      "iconHoverOff": {
        "color": "#ffffff",
        "alpha": 1.0
      },
      "iconDisabled": {
        "color": "#404040",
        "alpha": 1.0
      },
      "buttonOn": {
        "color": "#ffffff",
        "alpha": 1.0
      },
      "buttonOff": {
        "color": "#ffffff",
        "alpha": 1.0
      },
      "buttonHoverOn": {
        "color": "#A56B46",
        "alpha": 1.0
      },
      "buttonHoverOff": {
        "color": "#ffffff",
        "alpha": 1.0
      },
      "buttonDisabled": {
        "color": "#404040",
        "alpha": 1.0
      }
    },
    "toggle": {
      "useThemeImages": true,
      "width": 24,
      "height": 24,
      "prefix": "",
      "tooltipOnStyle": "§f",
      "tooltipOffStyle": "§f",
      "tooltipDisabledStyle": "§8§o",
      "iconOn": {
        "color": "#404040",
        "alpha": 1.0
      },
      "iconOff": {
        "color": "#847d66",
        "alpha": 1.0
      },
      "iconHoverOn": {
        "color": "#ffffff",
        "alpha": 1.0
      },
      "iconHoverOff": {
        "color": "#847d66",
        "alpha": 1.0
      },
      "iconDisabled": {
        "color": "#041409",
        "alpha": 1.0
      },
      "buttonOn": {
        "color": "#ffffff",
        "alpha": 1.0
      },
      "buttonOff": {
        "color": "#ffffff",
        "alpha": 1.0
      },
      "buttonHoverOn": {
        "color": "#ffffff",
        "alpha": 1.0
      },
      "buttonHoverOff": {
        "color": "#ffffff",
        "alpha": 1.0
      },
      "buttonDisabled": {
        "color": "#362744",
        "alpha": 1.0
      }
    }
  },
  "fullscreen": {
    "background": {
      "color": "#222222",
      "alpha": 1
    },
    "statusLabel": {
      "margin": 0,
      "background": {
        "color": "#A56B46",
        "alpha": 235
      },
      "foreground": {
        "color": "#c0c0c0",
        "alpha": 255
      },
      "highlight": {
        "color": "#ffffff",
        "alpha": 1.0
      },
      "shadow": true
    }
  },
  "icon": {
    "width": 24,
    "height": 24,
    "color": "#ffffff",
    "alpha": 1.0
  },
  "minimap": {
    "circle": {
      "rim256": {
        "width": 256,
        "height": 256,
        "color": "#929291",
        "alpha": 1.0
      },
      "mask256": {
        "width": 256,
        "height": 256,
        "color": "#929291",
        "alpha": 1.0
      },
      "rim512": {
        "width": 512,
        "height": 512,
        "color": "#929291",
        "alpha": 1.0
      },
      "mask512": {
        "width": 512,
        "height": 512,
        "color": "#929291",
        "alpha": 1.0
      },
      "rotates": false,
      "margin": 4,
      "labelTop": {
        "margin": 4,
        "background": {
          "color": "#929291",
          "alpha": 200
        },
        "foreground": {
          "color": "#c0c0c0",
          "alpha": 255
        },
        "highlight": {
          "color": "#ffffff",
          "alpha": 1.0
        },
        "shadow": true
      },
      "labelTopInside": false,
      "labelBottom": {
        "margin": 4,
        "background": {
          "color": "#222222",
          "alpha": 200
        },
        "foreground": {
          "color": "#c0c0c0",
          "alpha": 255
        },
        "highlight": {
          "color": "#ffffff",
          "alpha": 1.0
        },
        "shadow": true
      },
      "labelBottomInside": false,
      "compassLabel": {
        "margin": 0,
        "background": {
          "color": "#222222",
          "alpha": 200
        },
        "foreground": {
          "color": "#847d66",
          "alpha": 255
        },
        "highlight": {
          "color": "#ffffff",
          "alpha": 1.0
        },
        "shadow": false
      },
      "compassPoint": {
        "width": 14,
        "height": 14,
        "color": "#ffffff",
        "alpha": 0.9
      },
      "compassPointLabelPad": 3,
      "compassPointOffset": -1.0,
      "compassShowNorth": true,
      "compassShowSouth": true,
      "compassShowEast": true,
      "compassShowWest": true,
      "waypointOffset": -2.5,
      "reticle": {
        "color": "#A56B46",
        "alpha": 0.5
      },
      "reticleHeading": {
        "color": "#A56B46",
        "alpha": 0.5
      },
      "reticleThickness": 2,
      "reticleHeadingThickness": 2.75,
      "reticleOffsetOuter": -3,
      "reticleOffsetInner": -3,
      "frame": {
        "color": "#ffffff",
        "alpha": 1.0
      },
      "prefix": "war_"
    },
    "square": {
      "topLeft": {
        "width": 20,
        "height": 20,
        "color": "#ffffff",
        "alpha": 1.0
      },
      "top": {
        "width": 1,
        "height": 20,
        "color": "#ffffff",
        "alpha": 1.0
      },
      "topRight": {
        "width": 20,
        "height": 20,
        "color": "#ffffff",
        "alpha": 1.0
      },
      "right": {
        "width": 20,
        "height": 1,
        "color": "#ffffff",
        "alpha": 1.0
      },
      "bottomRight": {
        "width": 20,
        "height": 20,
        "color": "#ffffff",
        "alpha": 1.0
      },
      "bottom": {
        "width": 1,
        "height": 20,
        "color": "#ffffff",
        "alpha": 1.0
      },
      "bottomLeft": {
        "width": 20,
        "height": 20,
        "color": "#ffffff",
        "alpha": 1.0
      },
      "left": {
        "width": 20,
        "height": 1,
        "color": "#ffffff",
        "alpha": 1.0
      },
      "margin": 4,
      "labelTop": {
        "margin": 4,
        "background": {
          "color": "#222222",
          "alpha": 200
        },
        "foreground": {
          "color": "#c0c0c0",
          "alpha": 255
        },
        "highlight": {
          "color": "#ffffff",
          "alpha": 1.0
        },
        "shadow": true
      },
      "labelTopInside": false,
      "labelBottom": {
        "margin": 4,
        "background": {
          "color": "#222222",
          "alpha": 200
        },
        "foreground": {
          "color": "#c0c0c0",
          "alpha": 255
        },
        "highlight": {
          "color": "#ffffff",
          "alpha": 1.0
        },
        "shadow": true
      },
      "labelBottomInside": false,
      "compassLabel": {
        "margin": 0,
        "background": {
          "color": "#222222",
          "alpha": 200
        },
        "foreground": {
          "color": "#847d66",
          "alpha": 255
        },
        "highlight": {
          "color": "#ffffff",
          "alpha": 1.0
        },
        "shadow": false
      },
      "compassPoint": {
        "width": 14,
        "height": 14,
        "color": "#ffffff",
        "alpha": 0.9
      },
      "compassPointLabelPad": 6,
      "compassPointOffset": 0.0,
      "compassShowNorth": true,
      "compassShowSouth": true,
      "compassShowEast": true,
      "compassShowWest": true,
      "waypointOffset": -2.5,
      "reticle": {
        "color": "#A56B46",
        "alpha": 0.5
      },
      "reticleHeading": {
        "color": "#A56B46",
        "alpha": 0.5
      },
      "reticleThickness": 2,
      "reticleHeadingThickness": 2.75,
      "reticleOffsetOuter": -3,
      "reticleOffsetInner": -3,
      "frame": {
        "color": "#A56B46",
        "alpha": 1.0
      },
      "prefix": "vic_"
    }
  }
}
