{
	"copycat_fluid_pipe": "ignored",
	"copycat_beam": "ignored",
	"copycat_wooden_pressure_plate": "ignored",
	"copycat_vertical_slope": "ignored",
	"copycat_fence": "ignored",
	"copycat_stone_pressure_plate": "ignored",
	"copycat_box": "ignored",
	"copycat_vertical_slice": "ignored",
	"copycat_corner_slice": "ignored",
	"copycat_byte_panel": "ignored",
	"copycat_heavy_weighted_pressure_plate": "ignored",
	"copycat_byte": "ignored",
	"copycat_folding_door": "ignored",
	"copycat_iron_door": "ignored",
	"copycat_ghost_block": "ignored",
	"copycat_vertical_step": "ignored",
	"copycat_flat_pane": "ignored",
	"copycat_sliding_door": "ignored",
	"copycat_stone_button": "ignored",
	"copycat_wooden_button": "ignored",
	"copycat_half_layer": "ignored",
	"copycat_slab": "ignored",
	"copycat_cogwheel": "ignored",
	"copycat_slope": "ignored",
	"copycat_pane": "ignored",
	"copycat_trapdoor": "ignored",
	"copycat_stacked_half_layer": "ignored",
	"copycat_wall": "ignored",
	"copycat_stairs": "ignored",
	"copycat_board": "ignored",
	"copycat_block": "ignored",
	"copycat_half_panel": "ignored",
	"copycat_ladder": "ignored",
	"copycat_door": "ignored",
	"copycat_light_weighted_pressure_plate": "ignored",
	"copycat_large_cogwheel": "ignored",
	"copycat_catwalk": "ignored",
	"copycat_slice": "ignored",
	"copycat_vertical_half_layer": "ignored",
	"copycat_layer": "ignored",
	"copycat_iron_trapdoor": "ignored",
	"copycat_fence_gate": "ignored",
	"copycat_slope_layer": "ignored",
	"copycat_shaft": "ignored",
	"copycat_vertical_stairs": "ignored"
}