{
  "enabled": true,
  "group": {
    "break": {
      "sound_id": "sounds:block.jungle_planks.break"
    },
    "fall": {
      "sound_id": "sounds:block.jungle_planks.fall"
    },
    "hit": {
      "sound_id": "sounds:block.spruce_planks.hit"
    },
    "pitch": 1.0,
    "place": {
      "sound_id": "sounds:block.jungle_planks.place"
    },
    "step": {
      "sound_id": "sounds:block.jungle_planks.step"
    },
    "volume": 1.0
  },
  "keys": [
    "minecraft:jungle_planks",
    "minecraft:jungle_stairs",
    "minecraft:jungle_slab",
    "minecraft:stripped_jungle_log",
    "minecraft:stripped_jungle_wood",
    "minecraft:jungle_wood",
    "minecraft:jungle_log"
  ]
}