{
  "enabled": true,
  "group": {
    "break": {
      "sound_id": "sounds:block.mossy_cobblestone.break"
    },
    "fall": {
      "sound_id": "sounds:block.mossy_stone_bricks.fall"
    },
    "hit": {
      "sound_id": "sounds:block.mossy_stone_bricks.hit"
    },
    "pitch": 1.0,
    "place": {
      "sound_id": "minecraft:block.deepslate_bricks.place"
    },
    "step": {
      "sound_id": "sounds:block.mossy_stone_bricks.step"
    },
    "volume": 1.0
  },
  "keys": [
    "minecraft:mossy_stone_bricks",
    "minecraft:infested_mossy_stone_bricks",
    "minecraft:mossy_stone_brick_slab",
    "minecraft:mossy_stone_brick_stairs",
    "minecraft:mossy_stone_brick_wall"
  ]
}