{
  "enabled": true,
  "group": {
    "break": {
      "sound_id": "minecraft:block.calcite.break"
    },
    "fall": {
      "sound_id": "minecraft:block.calcite.fall"
    },
    "hit": {
      "sound_id": "minecraft:block.calcite.hit"
    },
    "pitch": 0.6,
    "place": {
      "sound_id": "minecraft:block.calcite.place"
    },
    "step": {
      "sound_id": "minecraft:block.calcite.step"
    },
    "volume": 1.0
  },
  "keys": [
    "minecraft:white_terracotta",
    "minecraft:orange_terracotta",
    "minecraft:magenta_terracotta",
    "minecraft:light_blue_terracotta",
    "minecraft:yellow_terracotta",
    "minecraft:lime_terracotta",
    "minecraft:pink_terracotta",
    "minecraft:gray_terracotta",
    "minecraft:light_gray_terracotta",
    "minecraft:cyan_terracotta",
    "minecraft:purple_terracotta",
    "minecraft:blue_terracotta",
    "minecraft:brown_terracotta",
    "minecraft:green_terracotta",
    "minecraft:red_terracotta",
    "minecraft:black_terracotta",
    "minecraft:terracotta",
    "minecraft:bedrock"
  ]
}